{"cameraMode":{"drawMode":0,"name":"Shaded","section":"Shading Mode"},"sceneLighting":false,"audioPlay":false,"sceneViewState":{"m_AlwaysRefresh":false,"showFog":true,"showSkybox":true,"showFlares":true,"showImageEffects":true,"showParticleSystems":true,"showVisualEffectGraphs":true,"m_FxEnabled":true},"in2DMode":false,"pivot":{"x":4.245908737182617,"y":1.7914661169052125,"z":16.170866012573243},"rotation":{"x":-0.018941335380077363,"y":0.9450134634971619,"z":0.05563154071569443,"w":0.3218018412590027},"size":1.5110976696014405,"orthographic":false}